id,lat,lon,data_hora_gmt,satelite,municipio,estado,pais,municipio_id,estado_id,pais_id,numero_dias_sem_chuva,precipitacao,risco_fogo,bioma,frp
f8b652ba-c7ed-39e5-be9c-3e783d454185,-3.504300,-48.039000,2026-07-01 00:00:00,GOES-19,PARAGOMINAS,PARÁ,Brasil,1505502,15,33,3,0.0,0.21,Amazônia,64.0
bd4f04f9-bda4-3465-a6e4-8c8fd8a4b2d0,-3.504300,-48.039000,2026-07-01 00:10:00,GOES-19,PARAGOMINAS,PARÁ,Brasil,1505502,15,33,3,0.0,0.21,Amazônia,59.2
7b0f814b-3227-3fb9-8dd7-fe636a2a6194,-3.504300,-48.039000,2026-07-01 00:20:00,GOES-19,PARAGOMINAS,PARÁ,Brasil,1505502,15,33,3,0.0,0.21,Amazônia,66.0
bb7199dc-3eda-3247-a7b5-92f7e59febff,-3.504300,-48.039000,2026-07-01 00:30:00,GOES-19,PARAGOMINAS,PARÁ,Brasil,1505502,15,33,3,0.0,0.21,Amazônia,55.3
1ce7983e-a566-3c8b-be94-44a6ab9bdf3f,-3.504300,-48.039000,2026-07-01 00:40:00,GOES-19,PARAGOMINAS,PARÁ,Brasil,1505502,15,33,3,0.0,0.21,Amazônia,47.1
eac48c8b-6659-3664-8c60-46e89bc5ff8a,-3.504300,-48.039000,2026-07-01 00:50:00,GOES-19,PARAGOMINAS,PARÁ,Brasil,1505502,15,33,3,0.0,0.21,Amazônia,50.1
7284209d-2ce7-3fa6-9243-8c7e3caeb3a3,-3.504300,-48.039000,2026-07-01 01:00:00,GOES-19,PARAGOMINAS,PARÁ,Brasil,1505502,15,33,3,0.0,0.21,Amazônia,54.0
4d426d37-0255-3e0e-ad1c-b79e59f1dfa2,-3.504300,-48.039000,2026-07-01 01:10:00,GOES-19,PARAGOMINAS,PARÁ,Brasil,1505502,15,33,3,0.0,0.21,Amazônia,51.1
941aa509-9f0e-3de3-866b-80cca4271543,-3.504300,-48.039000,2026-07-01 01:20:00,GOES-19,PARAGOMINAS,PARÁ,Brasil,1505502,15,33,3,0.0,0.21,Amazônia,48.6
b98e2e22-600b-30cc-87ae-d10ca26a0028,-3.504300,-48.039000,2026-07-01 01:30:00,GOES-19,PARAGOMINAS,PARÁ,Brasil,1505502,15,33,3,0.0,0.21,Amazônia,47.9
a83607e8-66ff-3b09-9554-d329c99ad5e7,-3.503680,-48.035560,2026-07-01 04:00:00,NOAA-21,PARAGOMINAS,PARÁ,Brasil,1505502,15,33,3,0.0,0.21,Amazônia,2.4
6a083fff-f34e-39f6-a15c-22df8dc600b8,-3.509460,-48.033150,2026-07-01 04:00:00,NOAA-21,PARAGOMINAS,PARÁ,Brasil,1505502,15,33,3,0.0,0.21,Amazônia,3.3
f281e9ee-aa11-3c21-9352-55d7d8b0a270,-3.508930,-48.036270,2026-07-01 04:00:00,NOAA-21,PARAGOMINAS,PARÁ,Brasil,1505502,15,33,4,0.0,0.21,Amazônia,8.4
9cf9836f-c189-38de-baa2-d6c22daeec52,-3.514700,-48.033890,2026-07-01 04:00:00,NOAA-21,PARAGOMINAS,PARÁ,Brasil,1505502,15,33,4,0.0,0.21,Amazônia,3.3
af58f680-8244-394a-912d-b3805bb0ad5c,-3.508380,-48.039610,2026-07-01 04:00:00,NOAA-21,PARAGOMINAS,PARÁ,Brasil,1505502,15,33,4,0.0,0.21,Amazônia,8.4
8d53f249-a4fd-32fa-b36a-2ab7423d4899,-3.514170,-48.037060,2026-07-01 04:00:00,NOAA-21,PARAGOMINAS,PARÁ,Brasil,1505502,15,33,4,0.0,0.21,Amazônia,8.4
1720fe82-53ca-364f-9d94-bddb7a7e8b5f,-3.508790,-48.039490,2026-07-01 04:36:00,NPP-375D,PARAGOMINAS,PARÁ,Brasil,1505502,15,33,4,0.0,0.21,Amazônia,9.9
d67701e4-8ea9-3616-ac8f-f231f7a0a650,-3.505310,-48.038940,2026-07-01 04:36:00,NPP-375D,PARAGOMINAS,PARÁ,Brasil,1505502,15,33,3,0.0,0.21,Amazônia,9.9
c044f752-8fd2-3e9c-8019-82fe4e866967,-3.509410,-48.035660,2026-07-01 04:36:00,NPP-375D,PARAGOMINAS,PARÁ,Brasil,1505502,15,33,4,0.0,0.21,Amazônia,9.9
7ab01282-a8e2-3b6d-af1b-28b04958bfe2,-3.516970,-48.032960,2026-07-01 04:36:00,NPP-375D,PARAGOMINAS,PARÁ,Brasil,1505502,15,33,4,0.0,0.21,Amazônia,0.7
2453da98-bb80-397b-8417-3261c23a5437,-3.516350,-48.036770,2026-07-01 04:36:00,NPP-375D,PARAGOMINAS,PARÁ,Brasil,1505502,15,33,4,0.0,0.21,Amazônia,1.2
c0173c83-1704-3224-9a42-39a9088b25c1,-3.505930,-48.035130,2026-07-01 04:36:00,NPP-375D,PARAGOMINAS,PARÁ,Brasil,1505502,15,33,3,0.0,0.21,Amazônia,9.9
edace505-2fda-3c77-ba45-06929992cb07,-3.512260,-48.040050,2026-07-01 04:36:00,NPP-375D,PARAGOMINAS,PARÁ,Brasil,1505502,15,33,4,0.0,0.21,Amazônia,1.2
7c1fa2a4-bd74-3a84-8aef-ee72eb9bb254,-3.506810,-48.038360,2026-07-01 04:53:00,NOAA-20,PARAGOMINAS,PARÁ,Brasil,1505502,15,33,4,0.0,0.21,Amazônia,13.9
aa1cf343-844d-332e-a3ae-1fa1e0cdf69b,-3.503750,-48.033120,2026-07-01 04:53:00,NOAA-20,PARAGOMINAS,PARÁ,Brasil,1505502,15,33,3,0.0,0.21,Amazônia,7.7
ea3fb4de-364a-3508-9bc0-7b7c126305b8,-3.511300,-48.034380,2026-07-01 04:53:00,NOAA-20,PARAGOMINAS,PARÁ,Brasil,1505502,15,33,4,0.0,0.21,Amazônia,2.3
41653224-3ab0-3fc3-bf76-f8d121db9543,-3.515080,-48.034970,2026-07-01 04:53:00,NOAA-20,PARAGOMINAS,PARÁ,Brasil,1505502,15,33,4,0.0,0.21,Amazônia,2.3
ef57b0bf-eadc-3852-aec0-9ae6aba80056,-3.507520,-48.033750,2026-07-01 04:53:00,NOAA-20,PARAGOMINAS,PARÁ,Brasil,1505502,15,33,3,0.0,0.21,Amazônia,7.7
1e42d4eb-8745-3ba9-86fc-bd8d256c6c72,-3.517670,-48.036580,2026-07-01 16:39:00,NOAA-21,PARAGOMINAS,PARÁ,Brasil,1505502,15,33,4,0.0,0.21,Amazônia,5.1
7e062f1d-d1a5-3432-816e-532e76ed6873,-3.507230,-48.034640,2026-07-01 16:39:00,NOAA-21,PARAGOMINAS,PARÁ,Brasil,1505502,15,33,3,0.0,0.21,Amazônia,6.8
47740804-4208-38e0-b481-4f79f6882ce3,-3.507750,-48.038080,2026-07-01 16:39:00,NOAA-21,PARAGOMINAS,PARÁ,Brasil,1505502,15,33,4,0.0,0.21,Amazônia,5.4
dc6a7bd5-c6f2-3b64-8d84-04835a3f084a,-3.510530,-48.034140,2026-07-01 16:39:00,NOAA-21,PARAGOMINAS,PARÁ,Brasil,1505502,15,33,4,0.0,0.21,Amazônia,6.8
76e73194-510c-3da2-a23a-fcc9acba6ba3,-3.511060,-48.037580,2026-07-01 16:39:00,NOAA-21,PARAGOMINAS,PARÁ,Brasil,1505502,15,33,4,0.0,0.21,Amazônia,5.4
cd713d80-4ec2-3bc5-a53e-41a7cbe39459,-3.512000,-48.033490,2026-07-01 17:13:00,NPP-375,PARAGOMINAS,PARÁ,Brasil,1505502,15,33,4,0.0,0.21,Amazônia,15.0
29fb3291-fbb5-3cd6-bb63-e1e4f8029b93,-3.510290,-48.036410,2026-07-01 17:13:00,NPP-375,PARAGOMINAS,PARÁ,Brasil,1505502,15,33,4,0.0,0.21,Amazônia,14.3
7f9bbf51-dbaf-36bd-b21c-8c5b06a87e62,-3.508250,-48.038570,2026-07-01 17:13:00,NPP-375,PARAGOMINAS,PARÁ,Brasil,1505502,15,33,4,0.0,0.21,Amazônia,6.0
2cfe1804-b7ac-3bb5-a7d4-e55eadd4db49,-3.511340,-48.037550,2026-07-01 17:34:00,NOAA-20,PARAGOMINAS,PARÁ,Brasil,1505502,15,33,4,0.0,0.21,Amazônia,15.3
f4d7527a-237b-3802-82fb-20c3c193bcd0,-3.517010,-48.030640,2026-07-01 17:34:00,NOAA-20,PARAGOMINAS,PARÁ,Brasil,1505502,15,33,4,0.0,0.21,Amazônia,10.9
4ad3f723-817c-3d75-b56b-a01561aaeae3,-3.514210,-48.031350,2026-07-01 17:34:00,NOAA-20,PARAGOMINAS,PARÁ,Brasil,1505502,15,33,4,0.0,0.21,Amazônia,20.3
1e453bc7-7ac0-381a-8200-92f0dad53d93,-3.515230,-48.037290,2026-07-01 17:34:00,NOAA-20,PARAGOMINAS,PARÁ,Brasil,1505502,15,33,4,0.0,0.21,Amazônia,17.2
9124d303-1567-3c80-951b-dc46c1187460,-3.510250,-48.031430,2026-07-01 17:34:00,NOAA-20,PARAGOMINAS,PARÁ,Brasil,1505502,15,33,3,0.0,0.21,Amazônia,10.9
d218d90b-6e4c-3a12-aef3-065df2a04fcc,-3.504300,-48.039000,2026-07-01 17:50:00,GOES-19,PARAGOMINAS,PARÁ,Brasil,1505502,15,33,3,0.0,0.21,Amazônia,95.5
28c7a5fc-e9aa-326e-a09c-3697d9b1071b,-3.522800,-48.038300,2026-07-01 18:20:00,GOES-19,PARAGOMINAS,PARÁ,Brasil,1505502,15,33,4,0.0,0.22,Amazônia,56.8
fc8f916e-d05d-3d5a-bcba-ec187081f375,-3.522800,-48.038300,2026-07-01 18:30:00,GOES-19,PARAGOMINAS,PARÁ,Brasil,1505502,15,33,4,0.0,0.22,Amazônia,123.7
1798fd8d-2046-3afc-b649-9510ba71cdc7,-3.504300,-48.039000,2026-07-01 18:30:00,GOES-19,PARAGOMINAS,PARÁ,Brasil,1505502,15,33,3,0.0,0.21,Amazônia,101.0
750a7047-6ef2-3659-bcf2-47187e5bed3e,-3.522800,-48.038300,2026-07-01 18:40:00,GOES-19,PARAGOMINAS,PARÁ,Brasil,1505502,15,33,4,0.0,0.22,Amazônia,116.7
be84c4d2-56bc-31c8-9367-a58c964ac838,-3.504300,-48.039000,2026-07-01 18:40:00,GOES-19,PARAGOMINAS,PARÁ,Brasil,1505502,15,33,3,0.0,0.21,Amazônia,92.3
904ad1b8-72b7-327a-bacb-95ad8ff16271,-3.522800,-48.038300,2026-07-01 18:50:00,GOES-19,PARAGOMINAS,PARÁ,Brasil,1505502,15,33,4,0.0,0.22,Amazônia,129.0
37a953fc-1866-36aa-937c-122d2010b9f8,-3.504300,-48.039000,2026-07-01 18:50:00,GOES-19,PARAGOMINAS,PARÁ,Brasil,1505502,15,33,3,0.0,0.21,Amazônia,124.1
71ec7e8a-3127-313b-8f3a-b7f9801f2720,-3.504300,-48.039000,2026-07-01 19:00:00,GOES-19,PARAGOMINAS,PARÁ,Brasil,1505502,15,33,3,0.0,0.21,Amazônia,110.4
22620993-3141-3ab8-9c75-a6f8dd0b84de,-3.522800,-48.038300,2026-07-01 19:00:00,GOES-19,PARAGOMINAS,PARÁ,Brasil,1505502,15,33,4,0.0,0.22,Amazônia,141.0
3c2010c2-a6c8-3172-98c8-e9cb744d0a32,-3.522800,-48.038300,2026-07-01 19:10:00,GOES-19,PARAGOMINAS,PARÁ,Brasil,1505502,15,33,4,0.0,0.22,Amazônia,133.7
610566f8-9192-3b54-a2f6-c5097fc5087f,-3.504300,-48.039000,2026-07-01 19:10:00,GOES-19,PARAGOMINAS,PARÁ,Brasil,1505502,15,33,3,0.0,0.21,Amazônia,104.2
61e80e25-2774-3623-9f9b-c709a0687e1e,-3.504300,-48.039000,2026-07-01 19:20:00,GOES-19,PARAGOMINAS,PARÁ,Brasil,1505502,15,33,3,0.0,0.21,Amazônia,175.3
94dcc053-a599-3757-9e32-c67bc4f63166,-3.522800,-48.038300,2026-07-01 19:20:00,GOES-19,PARAGOMINAS,PARÁ,Brasil,1505502,15,33,4,0.0,0.22,Amazônia,102.4
f3f5b3fb-8315-3052-b67f-6cac7b881e64,-3.522800,-48.038300,2026-07-01 19:30:00,GOES-19,PARAGOMINAS,PARÁ,Brasil,1505502,15,33,4,0.0,0.22,Amazônia,125.0
04ab3ddd-0f8d-30e9-aedd-330706bec2bd,-3.504300,-48.039000,2026-07-01 19:30:00,GOES-19,PARAGOMINAS,PARÁ,Brasil,1505502,15,33,3,0.0,0.21,Amazônia,152.7
b6ce8442-a857-30d0-9f63-f12ef41e459c,-3.504300,-48.039000,2026-07-01 19:40:00,GOES-19,PARAGOMINAS,PARÁ,Brasil,1505502,15,33,3,0.0,0.21,Amazônia,146.4
1df95f8e-3ad2-3780-8abe-972f750a03c3,-3.504400,-48.017400,2026-07-01 19:40:00,GOES-19,PARAGOMINAS,PARÁ,Brasil,1505502,15,33,3,0.0,0.21,Amazônia,60.9
ebd691df-6f95-38de-836a-34ef86fe0bde,-3.522800,-48.038300,2026-07-01 19:40:00,GOES-19,PARAGOMINAS,PARÁ,Brasil,1505502,15,33,4,0.0,0.22,Amazônia,87.9
4adc40a6-5945-3b90-9b7e-fd266b954610,-3.522800,-48.038300,2026-07-01 19:50:00,GOES-19,PARAGOMINAS,PARÁ,Brasil,1505502,15,33,4,0.0,0.22,Amazônia,93.0
1b153ecb-0971-330a-9882-6c030b5c4844,-3.504300,-48.039000,2026-07-01 19:50:00,GOES-19,PARAGOMINAS,PARÁ,Brasil,1505502,15,33,3,0.0,0.21,Amazônia,169.8
bb8e7c89-e0a5-3c1d-8bea-7437692082ce,-3.504300,-48.039000,2026-07-01 20:00:00,GOES-19,PARAGOMINAS,PARÁ,Brasil,1505502,15,33,3,0.0,0.21,Amazônia,154.2
42e2c440-ffc0-3d6b-978b-c75dc79137a2,-3.522800,-48.038300,2026-07-01 20:00:00,GOES-19,PARAGOMINAS,PARÁ,Brasil,1505502,15,33,4,0.0,0.22,Amazônia,115.6
2ed30d1f-90b7-3991-be33-0e28811ba768,-3.522800,-48.038300,2026-07-01 20:10:00,GOES-19,PARAGOMINAS,PARÁ,Brasil,1505502,15,33,4,0.0,0.22,Amazônia,110.9
ea573892-5a0e-387e-9478-0a9bb360d055,-3.504300,-48.039000,2026-07-01 20:10:00,GOES-19,PARAGOMINAS,PARÁ,Brasil,1505502,15,33,3,0.0,0.21,Amazônia,153.8
0d04bc0a-865d-35f2-a147-8911a4d49650,-3.504300,-48.039000,2026-07-01 20:20:00,GOES-19,PARAGOMINAS,PARÁ,Brasil,1505502,15,33,3,0.0,0.21,Amazônia,119.0
76dd0fd5-0510-30df-8d11-e11d72859b99,-3.522800,-48.038300,2026-07-01 20:20:00,GOES-19,PARAGOMINAS,PARÁ,Brasil,1505502,15,33,4,0.0,0.22,Amazônia,123.3
f5ef3cbc-e9f2-3267-b955-68947dff9b3d,-3.504300,-48.039000,2026-07-01 20:30:00,GOES-19,PARAGOMINAS,PARÁ,Brasil,1505502,15,33,3,0.0,0.21,Amazônia,129.2
46b48cb4-2f13-376f-80e7-a5c0f03f530a,-3.522800,-48.038300,2026-07-01 20:30:00,GOES-19,PARAGOMINAS,PARÁ,Brasil,1505502,15,33,4,0.0,0.22,Amazônia,105.1
6b1e02a3-6652-3a22-8148-eb2cc7e0c638,-3.504300,-48.039000,2026-07-01 20:40:00,GOES-19,PARAGOMINAS,PARÁ,Brasil,1505502,15,33,3,0.0,0.21,Amazônia,144.5
d1c05de1-fece-3356-9c59-98483eaf3dcf,-3.522800,-48.038300,2026-07-01 20:40:00,GOES-19,PARAGOMINAS,PARÁ,Brasil,1505502,15,33,4,0.0,0.22,Amazônia,91.5
b3d75b16-6e97-382e-9df2-9674cfa0c17a,-3.522800,-48.038300,2026-07-01 20:50:00,GOES-19,PARAGOMINAS,PARÁ,Brasil,1505502,15,33,4,0.0,0.22,Amazônia,90.7
7ec02690-7819-345a-a20d-fa1349e2b36c,-3.504300,-48.039000,2026-07-01 20:50:00,GOES-19,PARAGOMINAS,PARÁ,Brasil,1505502,15,33,3,0.0,0.21,Amazônia,171.2
072f162c-e029-3d2e-9522-05aae63c792b,-3.504300,-48.039000,2026-07-01 21:00:00,GOES-19,PARAGOMINAS,PARÁ,Brasil,1505502,15,33,3,0.0,0.21,Amazônia,138.1
45ff0406-0ce9-341c-b396-510405af7d8a,-3.522800,-48.038300,2026-07-01 21:00:00,GOES-19,PARAGOMINAS,PARÁ,Brasil,1505502,15,33,4,0.0,0.22,Amazônia,98.1
7173b4e7-2dfa-3abf-99bd-2eaef7a1ca70,-3.504300,-48.039000,2026-07-01 21:10:00,GOES-19,PARAGOMINAS,PARÁ,Brasil,1505502,15,33,3,0.0,0.21,Amazônia,109.3
bfef9c27-33d6-3cfe-99d6-985947784095,-3.522800,-48.038300,2026-07-01 21:10:00,GOES-19,PARAGOMINAS,PARÁ,Brasil,1505502,15,33,4,0.0,0.22,Amazônia,125.6
82e38920-8f5b-3415-8d8a-ee6d8ef808f5,-3.504300,-48.039000,2026-07-01 22:00:00,GOES-19,PARAGOMINAS,PARÁ,Brasil,1505502,15,33,3,0.0,0.21,Amazônia,101.7
b52260bb-762b-3447-8a3e-43a327ab187f,-3.522800,-48.038300,2026-07-01 22:00:00,GOES-19,PARAGOMINAS,PARÁ,Brasil,1505502,15,33,4,0.0,0.22,Amazônia,102.0
bbc775c6-5d29-3801-b431-834a4e385166,-3.522800,-48.038300,2026-07-01 22:10:00,GOES-19,PARAGOMINAS,PARÁ,Brasil,1505502,15,33,4,0.0,0.22,Amazônia,110.1
cd064649-48e3-3418-8515-b8e96981fc3c,-3.504300,-48.039000,2026-07-01 22:10:00,GOES-19,PARAGOMINAS,PARÁ,Brasil,1505502,15,33,3,0.0,0.21,Amazônia,92.1
11815e95-ed4e-3b59-b26f-47efe931c7b4,-3.504300,-48.039000,2026-07-01 22:20:00,GOES-19,PARAGOMINAS,PARÁ,Brasil,1505502,15,33,3,0.0,0.21,Amazônia,98.2
388a46f6-e3f1-34a9-a9b3-3ec030a0a13f,-3.522800,-48.038300,2026-07-01 22:20:00,GOES-19,PARAGOMINAS,PARÁ,Brasil,1505502,15,33,4,0.0,0.22,Amazônia,109.4
077d5b1d-4a5e-393f-a08c-1b499d91d432,-3.522800,-48.038300,2026-07-01 22:30:00,GOES-19,PARAGOMINAS,PARÁ,Brasil,1505502,15,33,4,0.0,0.22,Amazônia,104.8
30c6a6b7-70c5-303e-8cc7-4cc08e27aa2b,-3.504300,-48.039000,2026-07-01 22:30:00,GOES-19,PARAGOMINAS,PARÁ,Brasil,1505502,15,33,3,0.0,0.21,Amazônia,75.3
494855ce-9196-3875-8734-c3cdd602fa28,-3.504300,-48.039000,2026-07-01 22:40:00,GOES-19,PARAGOMINAS,PARÁ,Brasil,1505502,15,33,3,0.0,0.21,Amazônia,124.0
e0ea7062-4d13-3971-9735-a259f1e030be,-3.522800,-48.038300,2026-07-01 22:40:00,GOES-19,PARAGOMINAS,PARÁ,Brasil,1505502,15,33,4,0.0,0.22,Amazônia,74.0
e81c606e-818c-3eb4-b898-0824dff0cb00,-3.504300,-48.039000,2026-07-01 22:50:00,GOES-19,PARAGOMINAS,PARÁ,Brasil,1505502,15,33,3,0.0,0.21,Amazônia,98.1
4fd7769b-6937-30dd-a5c9-9a7bf984a06f,-3.522800,-48.038300,2026-07-01 22:50:00,GOES-19,PARAGOMINAS,PARÁ,Brasil,1505502,15,33,4,0.0,0.22,Amazônia,95.5
be003a47-acc0-3772-8a45-7109a15c17fe,-3.504300,-48.039000,2026-07-01 23:00:00,GOES-19,PARAGOMINAS,PARÁ,Brasil,1505502,15,33,3,0.0,0.21,Amazônia,92.1
ba6c62e7-6108-38e0-b149-d748517206fe,-3.522800,-48.038300,2026-07-01 23:00:00,GOES-19,PARAGOMINAS,PARÁ,Brasil,1505502,15,33,4,0.0,0.22,Amazônia,82.9
1e23e0a1-626e-3a83-bdd2-c7726c7ffac4,-3.522800,-48.038300,2026-07-01 23:10:00,GOES-19,PARAGOMINAS,PARÁ,Brasil,1505502,15,33,4,0.0,0.22,Amazônia,101.0
51b1f58d-a720-3865-8f12-a04743343de9,-3.504300,-48.039000,2026-07-01 23:10:00,GOES-19,PARAGOMINAS,PARÁ,Brasil,1505502,15,33,3,0.0,0.21,Amazônia,89.9
f9fe3063-2755-3141-8f16-983d208a7249,-3.504300,-48.039000,2026-07-01 23:20:00,GOES-19,PARAGOMINAS,PARÁ,Brasil,1505502,15,33,3,0.0,0.21,Amazônia,78.5
f8dbdd55-f119-3b86-a72f-b7344bd4f965,-3.522800,-48.038300,2026-07-01 23:20:00,GOES-19,PARAGOMINAS,PARÁ,Brasil,1505502,15,33,4,0.0,0.22,Amazônia,87.4
c9ddd8ea-8a2e-3cdb-aab9-2528faf0db37,-3.504300,-48.039000,2026-07-01 23:30:00,GOES-19,PARAGOMINAS,PARÁ,Brasil,1505502,15,33,3,0.0,0.21,Amazônia,81.0
40a95d15-bf1f-3126-9327-fb07da0c6d54,-3.522800,-48.038300,2026-07-01 23:30:00,GOES-19,PARAGOMINAS,PARÁ,Brasil,1505502,15,33,4,0.0,0.22,Amazônia,74.8
dfbe6f6b-3866-3782-a70a-d8dc5f239c46,-3.504300,-48.039000,2026-07-01 23:40:00,GOES-19,PARAGOMINAS,PARÁ,Brasil,1505502,15,33,3,0.0,0.21,Amazônia,74.2
9aef4ee9-e5f7-35a3-9502-45513dfcddfb,-3.522800,-48.038300,2026-07-01 23:40:00,GOES-19,PARAGOMINAS,PARÁ,Brasil,1505502,15,33,4,0.0,0.22,Amazônia,78.3
9f89b0be-d73f-3295-914d-74f0dc2963b9,-3.522800,-48.038300,2026-07-01 23:50:00,GOES-19,PARAGOMINAS,PARÁ,Brasil,1505502,15,33,4,0.0,0.22,Amazônia,92.2
ce206538-f2f9-313e-8694-0d645d5e1188,-3.504300,-48.039000,2026-07-01 23:50:00,GOES-19,PARAGOMINAS,PARÁ,Brasil,1505502,15,33,3,0.0,0.21,Amazônia,76.4
e5bec378-942a-3c58-b3f1-73f67cdf4a4b,-3.504300,-48.039000,2026-07-02 00:00:00,GOES-19,PARAGOMINAS,PARÁ,Brasil,1505502,15,33,4,0.0,0.25,Amazônia,78.9
f12c45f5-3df0-35b2-ae27-112028af5754,-3.522800,-48.038300,2026-07-02 00:00:00,GOES-19,PARAGOMINAS,PARÁ,Brasil,1505502,15,33,5,0.0,0.25,Amazônia,78.8
c20cc4f9-ea00-3153-b5df-222f71a461d7,-3.510030,-48.035880,2026-07-02 00:03:00,TERRA_M-M,PARAGOMINAS,PARÁ,Brasil,1505502,15,33,5,0.0,0.25,Amazônia,126.2
32d53577-32ae-3099-878b-ca82028864f1,-3.511250,-48.044720,2026-07-02 00:03:00,TERRA_M-M,PARAGOMINAS,PARÁ,Brasil,1505502,15,33,5,0.0,0.25,Amazônia,31.0
961cc558-2b5c-390e-ab6d-45832c454406,-3.520110,-48.043470,2026-07-02 00:03:00,TERRA_M-M,PARAGOMINAS,PARÁ,Brasil,1505502,15,33,5,0.0,0.25,Amazônia,10.1
3f7d8942-be16-3593-8714-895e66e291d6,-3.518890,-48.034650,2026-07-02 00:03:00,TERRA_M-M,PARAGOMINAS,PARÁ,Brasil,1505502,15,33,5,0.0,0.25,Amazônia,30.1
8fb9bbd4-d7bc-37f5-a252-7d8323d2653a,-3.522800,-48.038300,2026-07-02 00:10:00,GOES-19,PARAGOMINAS,PARÁ,Brasil,1505502,15,33,5,0.0,0.25,Amazônia,70.7
a9aa0018-39df-3945-a9e8-76df4df4b568,-3.504300,-48.039000,2026-07-02 00:10:00,GOES-19,PARAGOMINAS,PARÁ,Brasil,1505502,15,33,4,0.0,0.25,Amazônia,89.1
23a990ac-af80-336f-be92-896a96c91ca1,-3.522800,-48.038300,2026-07-02 00:20:00,GOES-19,PARAGOMINAS,PARÁ,Brasil,1505502,15,33,5,0.0,0.25,Amazônia,83.6
7709b05f-9027-3bc1-9d91-4434eb24c42a,-3.504300,-48.039000,2026-07-02 00:20:00,GOES-19,PARAGOMINAS,PARÁ,Brasil,1505502,15,33,4,0.0,0.25,Amazônia,78.2
c7783fe7-a5a2-3f9d-80bb-084e98fc4147,-3.504300,-48.039000,2026-07-02 00:30:00,GOES-19,PARAGOMINAS,PARÁ,Brasil,1505502,15,33,4,0.0,0.25,Amazônia,79.6
fa293e2c-2b65-3d54-9f52-7d2fc8a0ea0d,-3.522800,-48.038300,2026-07-02 00:40:00,GOES-19,PARAGOMINAS,PARÁ,Brasil,1505502,15,33,5,0.0,0.25,Amazônia,65.3
f1a325c6-6af1-314f-b9d7-5eaef3df8b4e,-3.504300,-48.039000,2026-07-02 00:40:00,GOES-19,PARAGOMINAS,PARÁ,Brasil,1505502,15,33,4,0.0,0.25,Amazônia,82.0
5b0afd45-ddec-3bfe-a034-0e9f13ca558c,-3.504300,-48.039000,2026-07-02 00:50:00,GOES-19,PARAGOMINAS,PARÁ,Brasil,1505502,15,33,4,0.0,0.25,Amazônia,74.1
15530a56-6d65-3d65-8596-99980ca38e3a,-3.522800,-48.038300,2026-07-02 00:50:00,GOES-19,PARAGOMINAS,PARÁ,Brasil,1505502,15,33,5,0.0,0.25,Amazônia,76.2
79fb7b7b-7d47-321b-aad4-e4983852d895,-3.498800,-48.021301,2026-07-02 00:50:00,METOP-B,PARAGOMINAS,PARÁ,Brasil,1505502,15,33,4,0.0,0.24,Amazônia,
58c5b3eb-520b-3928-a705-2f63fa13fc2f,-3.508400,-48.019001,2026-07-02 00:50:00,METOP-B,PARAGOMINAS,PARÁ,Brasil,1505502,15,33,4,0.0,0.24,Amazônia,
fdcc0a74-05ba-3ecd-9f26-a66c8dfa39f5,-3.522800,-48.038300,2026-07-02 01:00:00,GOES-19,PARAGOMINAS,PARÁ,Brasil,1505502,15,33,5,0.0,0.25,Amazônia,70.2
dcdae42f-3c9d-3cc1-af04-c7975c464db8,-3.522800,-48.038300,2026-07-02 01:10:00,GOES-19,PARAGOMINAS,PARÁ,Brasil,1505502,15,33,5,0.0,0.25,Amazônia,77.8
a97e8c73-2b4a-3f60-99e1-4699ebc5c2b2,-3.512500,-48.049301,2026-07-02 01:17:00,METOP-C,PARAGOMINAS,PARÁ,Brasil,1505502,15,33,5,0.0,0.25,Amazônia,
4b534756-f26f-3c83-b7a0-72e6ba954f2d,-3.515900,-48.021500,2026-07-02 01:17:00,METOP-C,PARAGOMINAS,PARÁ,Brasil,1505502,15,33,4,0.0,0.25,Amazônia,
23258fcd-aa5b-3a01-bd68-d12cc84cdcb3,-3.522100,-48.047001,2026-07-02 01:17:00,METOP-C,PARAGOMINAS,PARÁ,Brasil,1505502,15,33,5,0.0,0.25,Amazônia,
f16ff420-fae3-32f2-b31e-56c0abf0c31a,-3.504300,-48.039000,2026-07-02 01:20:00,GOES-19,PARAGOMINAS,PARÁ,Brasil,1505502,15,33,4,0.0,0.25,Amazônia,65.1
53624b63-b3da-3d9f-8c68-b77e7fca28ac,-3.522800,-48.038300,2026-07-02 01:20:00,GOES-19,PARAGOMINAS,PARÁ,Brasil,1505502,15,33,5,0.0,0.25,Amazônia,79.4
ad497eb9-3cbc-3890-b9f4-87618d65d759,-3.504300,-48.039000,2026-07-02 01:30:00,GOES-19,PARAGOMINAS,PARÁ,Brasil,1505502,15,33,4,0.0,0.25,Amazônia,75.0
71720090-940e-35eb-8c67-61823fcd20e6,-3.522800,-48.038300,2026-07-02 01:40:00,GOES-19,PARAGOMINAS,PARÁ,Brasil,1505502,15,33,5,0.0,0.25,Amazônia,78.4
5ca0cb24-0b8e-34cc-a949-3d508dd79a2b,-3.504300,-48.039000,2026-07-02 01:50:00,GOES-19,PARAGOMINAS,PARÁ,Brasil,1505502,15,33,4,0.0,0.25,Amazônia,80.2
b3720bc8-3e24-31b4-94e8-2634ab61df65,-3.504300,-48.039000,2026-07-02 02:00:00,GOES-19,PARAGOMINAS,PARÁ,Brasil,1505502,15,33,4,0.0,0.25,Amazônia,72.6
929e8a0f-814c-3ed6-a135-4108339eebed,-3.504300,-48.039000,2026-07-02 02:10:00,GOES-19,PARAGOMINAS,PARÁ,Brasil,1505502,15,33,4,0.0,0.25,Amazônia,66.9
01d8b698-e034-34c2-b815-2faa6b5bee2f,-3.504300,-48.039000,2026-07-02 02:20:00,GOES-19,PARAGOMINAS,PARÁ,Brasil,1505502,15,33,4,0.0,0.25,Amazônia,69.4
b910ef34-14f5-39dc-94a7-c4c4e0034bfa,-3.504300,-48.039000,2026-07-02 02:40:00,GOES-19,PARAGOMINAS,PARÁ,Brasil,1505502,15,33,4,0.0,0.25,Amazônia,73.5
8d2df4e4-074e-3289-ae46-902b28bf1c3d,-3.522800,-48.038300,2026-07-02 02:50:00,GOES-19,PARAGOMINAS,PARÁ,Brasil,1505502,15,33,5,0.0,0.25,Amazônia,66.0
5c9cf805-7f0f-3cd5-b445-941a6c9f9cb7,-3.510820,-48.039780,2026-07-02 03:42:00,NOAA-21,PARAGOMINAS,PARÁ,Brasil,1505502,15,33,5,0.0,0.25,Amazônia,9.3
c71c0bdf-8c8a-325d-a99b-4b34edc6ea1a,-3.512070,-48.032790,2026-07-02 03:42:00,NOAA-21,PARAGOMINAS,PARÁ,Brasil,1505502,15,33,5,0.0,0.25,Amazônia,9.3
5b53bfa2-8317-36ed-b511-866a13653fd6,-3.512030,-48.044430,2026-07-02 03:42:00,NOAA-21,PARAGOMINAS,PARÁ,Brasil,1505502,15,33,5,0.0,0.25,Amazônia,16.8
10e1e25a-3adc-3cf4-99f8-c5cc198bd3f2,-3.517800,-48.041220,2026-07-02 03:42:00,NOAA-21,PARAGOMINAS,PARÁ,Brasil,1505502,15,33,5,0.0,0.25,Amazônia,4.1
1ba5970e-826b-3b4d-b624-f83fb2f4bae0,-3.506310,-48.035660,2026-07-02 03:42:00,NOAA-21,PARAGOMINAS,PARÁ,Brasil,1505502,15,33,4,0.0,0.25,Amazônia,4.3
dbf9a885-30ab-3ac2-863b-5af1ff2b226b,-3.503770,-48.038700,2026-07-02 03:42:00,NOAA-21,PARAGOMINAS,PARÁ,Brasil,1505502,15,33,4,0.0,0.25,Amazônia,9.3
08a83690-b988-3f60-a2dd-248029300530,-3.519130,-48.033820,2026-07-02 03:42:00,NOAA-21,PARAGOMINAS,PARÁ,Brasil,1505502,15,33,5,0.0,0.25,Amazônia,4.1
1decb655-e53f-3d59-8a68-e044c57e20d2,-3.513380,-48.036640,2026-07-02 03:42:00,NOAA-21,PARAGOMINAS,PARÁ,Brasil,1505502,15,33,5,0.0,0.25,Amazônia,16.8
954a9211-8fe5-3509-bb8c-f970f3914a49,-3.506160,-48.039720,2026-07-02 04:19:00,NPP-375D,PARAGOMINAS,PARÁ,Brasil,1505502,15,33,5,0.0,0.25,Amazônia,2.5
0a0d1ba6-4a4f-3c75-9057-df485611170c,-3.501540,-48.038990,2026-07-02 04:19:00,NPP-375D,PARAGOMINAS,PARÁ,Brasil,1505502,15,33,4,0.0,0.25,Amazônia,2.5
cfe2b9dc-64fc-37fe-8050-56cfec216e49,-3.511570,-48.035570,2026-07-02 04:19:00,NPP-375D,PARAGOMINAS,PARÁ,Brasil,1505502,15,33,5,0.0,0.25,Amazônia,13.2
8608bf34-f159-3f2e-972e-36cbe14557cc,-3.510770,-48.040490,2026-07-02 04:19:00,NPP-375D,PARAGOMINAS,PARÁ,Brasil,1505502,15,33,5,0.0,0.25,Amazônia,13.2
d8a694d7-c22a-348d-b114-03777a3974c9,-3.514420,-48.037820,2026-07-02 04:19:00,NPP-375D,PARAGOMINAS,PARÁ,Brasil,1505502,15,33,5,0.0,0.25,Amazônia,10.5
4ce3850b-3653-3321-b664-350ed1ae439d,-3.516180,-48.036350,2026-07-02 04:19:00,NPP-375D,PARAGOMINAS,PARÁ,Brasil,1505502,15,33,5,0.0,0.25,Amazônia,13.2
c0a7062a-af57-3bcc-8411-8bfb4f55c9d8,-3.515230,-48.033080,2026-07-02 04:19:00,NPP-375D,PARAGOMINAS,PARÁ,Brasil,1505502,15,33,5,0.0,0.25,Amazônia,10.5
439704d8-0b4a-3aa5-a400-c8e4ce13a4b8,-3.506940,-48.034890,2026-07-02 04:19:00,NPP-375D,PARAGOMINAS,PARÁ,Brasil,1505502,15,33,4,0.0,0.25,Amazônia,2.5
3d6bcf6b-21e8-3207-a390-5108c65ed88c,-3.515380,-48.041320,2026-07-02 04:19:00,NPP-375D,PARAGOMINAS,PARÁ,Brasil,1505502,15,33,5,0.0,0.25,Amazônia,13.2
9ef3caf4-f645-3263-8cd4-3bcfef69c8ba,-3.507160,-48.033990,2026-07-02 04:36:00,NOAA-20,PARAGOMINAS,PARÁ,Brasil,1505502,15,33,4,0.0,0.25,Amazônia,2.1
afa61fc2-533e-34b1-975b-b935b3bc5bdd,-3.513800,-48.035020,2026-07-02 04:36:00,NOAA-20,PARAGOMINAS,PARÁ,Brasil,1505502,15,33,5,0.0,0.25,Amazônia,15.5
1baabcd1-e771-38ad-a815-246dca0ee0ee,-3.517120,-48.035540,2026-07-02 04:36:00,NOAA-20,PARAGOMINAS,PARÁ,Brasil,1505502,15,33,5,0.0,0.25,Amazônia,5.0
f3ef19da-22ef-3cea-932a-d5d7347c672e,-3.506610,-48.037450,2026-07-02 04:36:00,NOAA-20,PARAGOMINAS,PARÁ,Brasil,1505502,15,33,4,0.0,0.25,Amazônia,2.1
1c90ee1f-146b-354b-9fbf-4cd62ad963ec,-3.509930,-48.037980,2026-07-02 04:36:00,NOAA-20,PARAGOMINAS,PARÁ,Brasil,1505502,15,33,5,0.0,0.25,Amazônia,15.5
b419ba71-81b6-3f09-8cb6-a9c94d04e3d4,-3.513250,-48.038500,2026-07-02 04:36:00,NOAA-20,PARAGOMINAS,PARÁ,Brasil,1505502,15,33,5,0.0,0.25,Amazônia,15.5
f6a9a0a3-14d6-3ad4-982a-b8dade8188ea,-3.516570,-48.039020,2026-07-02 04:36:00,NOAA-20,PARAGOMINAS,PARÁ,Brasil,1505502,15,33,5,0.0,0.25,Amazônia,5.0
e06c3ac2-a7c4-3bd1-aefc-29023a48eff8,-3.503290,-48.036930,2026-07-02 04:36:00,NOAA-20,PARAGOMINAS,PARÁ,Brasil,1505502,15,33,4,0.0,0.25,Amazônia,2.1
ab47468b-d2fd-3f2b-aa72-5378054683fc,-3.510480,-48.034500,2026-07-02 04:36:00,NOAA-20,PARAGOMINAS,PARÁ,Brasil,1505502,15,33,5,0.0,0.25,Amazônia,15.5
530c7b31-69bd-318d-be82-b04ce4047f51,-3.513890,-48.039520,2026-07-02 05:23:00,NOAA-21,PARAGOMINAS,PARÁ,Brasil,1505502,15,33,5,0.0,0.25,Amazônia,18.7
7ce283fe-9516-3f7e-8d92-e2977d3892c0,-3.508300,-48.033450,2026-07-02 05:23:00,NOAA-21,PARAGOMINAS,PARÁ,Brasil,1505502,15,33,4,0.0,0.25,Amazônia,3.2
1eaed7cf-997d-3ebf-9df8-b26fe2269bd8,-3.514590,-48.034640,2026-07-02 05:23:00,NOAA-21,PARAGOMINAS,PARÁ,Brasil,1505502,15,33,5,0.0,0.25,Amazônia,18.7
d99f4b01-16b5-38f7-8268-f30cd46543ac,-3.507570,-48.038560,2026-07-02 05:23:00,NOAA-21,PARAGOMINAS,PARÁ,Brasil,1505502,15,33,5,0.0,0.25,Amazônia,3.2
21d7b24f-fd22-3fa0-8f46-fd40c92b514f,-3.505760,-48.040140,2026-07-02 06:27:00,AQUA_M-M,PARAGOMINAS,PARÁ,Brasil,1505502,15,33,5,0.0,0.25,Amazônia,7.4
2d5e60e8-25ab-3564-ad65-7bd73d3852c4,-3.507460,-48.028940,2026-07-02 06:27:00,AQUA_M-M,PARAGOMINAS,PARÁ,Brasil,1505502,15,33,4,0.0,0.25,Amazônia,8.9
83db9736-2285-3d12-96e0-332fe0c9809b,-3.519120,-48.025840,2026-07-02 06:27:00,AQUA_M-M,PARAGOMINAS,PARÁ,Brasil,1505502,15,33,5,0.0,0.25,Amazônia,6.2
7ec82864-79eb-362a-afc2-0b24fe01edb3,-3.507530,-48.035530,2026-07-02 06:27:00,AQUA_M-M,PARAGOMINAS,PARÁ,Brasil,1505502,15,33,4,0.0,0.25,Amazônia,20.7
cf0ff16f-64b0-3a3c-9426-c4f1874ed5e8,-3.517370,-48.036990,2026-07-02 06:27:00,AQUA_M-M,PARAGOMINAS,PARÁ,Brasil,1505502,15,33,5,0.0,0.25,Amazônia,33.5
33185734-0c0f-3ca7-b4f3-7a5f611e374c,-3.509360,-48.040130,2026-07-02 12:25:00,TERRA_M-T,PARAGOMINAS,PARÁ,Brasil,1505502,15,33,5,0.0,0.25,Amazônia,27.1
205609ff-d353-3be5-aa2f-9374172b421e,-3.513930,-48.035330,2026-07-02 12:25:00,TERRA_M-T,PARAGOMINAS,PARÁ,Brasil,1505502,15,33,5,0.0,0.25,Amazônia,47.4
4b0dc2bf-f138-38f0-a3d2-58dc9f1e0673,-3.514220,-48.036750,2026-07-02 16:20:00,NOAA-21,PARAGOMINAS,PARÁ,Brasil,1505502,15,33,5,0.0,0.25,Amazônia,13.3
a5f3caa3-87fd-38e9-8875-d4e5bd1636d8,-3.518220,-48.036200,2026-07-02 16:20:00,NOAA-21,PARAGOMINAS,PARÁ,Brasil,1505502,15,33,5,0.0,0.25,Amazônia,6.0
b70cc911-6bc1-3104-875c-6215550bd0fc,-3.517710,-48.032720,2026-07-02 16:20:00,NOAA-21,PARAGOMINAS,PARÁ,Brasil,1505502,15,33,5,0.0,0.25,Amazônia,6.0
76512abc-7320-310b-843a-156792e1d0f6,-3.510230,-48.037340,2026-07-02 16:20:00,NOAA-21,PARAGOMINAS,PARÁ,Brasil,1505502,15,33,5,0.0,0.25,Amazônia,13.3
a0d4f1fa-4a3e-3afc-ad77-a1fff4ffe97f,-3.509730,-48.033930,2026-07-02 16:20:00,NOAA-21,PARAGOMINAS,PARÁ,Brasil,1505502,15,33,5,0.0,0.25,Amazônia,13.3
07f3b24e-e385-3ec3-b88c-d41ab2954b72,-3.518810,-48.033720,2026-07-02 16:56:00,NPP-375,PARAGOMINAS,PARÁ,Brasil,1505502,15,33,5,0.0,0.25,Amazônia,13.4
32190580-98ab-32fd-b655-f69934a71421,-3.515390,-48.034240,2026-07-02 16:56:00,NPP-375,PARAGOMINAS,PARÁ,Brasil,1505502,15,33,5,0.0,0.25,Amazônia,13.4
34f004a8-1183-3308-b71b-3580c5d26ad6,-3.508550,-48.035270,2026-07-02 16:56:00,NPP-375,PARAGOMINAS,PARÁ,Brasil,1505502,15,33,4,0.0,0.25,Amazônia,14.0
98afe960-0c07-3451-8bc4-4656e2714425,-3.509120,-48.038940,2026-07-02 16:56:00,NPP-375,PARAGOMINAS,PARÁ,Brasil,1505502,15,33,5,0.0,0.25,Amazônia,4.2
8889bc0e-5ceb-3b17-8f29-be4285a07aee,-3.512540,-48.038430,2026-07-02 16:56:00,NPP-375,PARAGOMINAS,PARÁ,Brasil,1505502,15,33,5,0.0,0.25,Amazônia,4.2
1760048f-9aaa-3178-8e99-94d124934a6b,-3.515960,-48.037910,2026-07-02 16:56:00,NPP-375,PARAGOMINAS,PARÁ,Brasil,1505502,15,33,5,0.0,0.25,Amazônia,7.8
381a4196-334a-382e-ada8-bb2a18fbf56a,-3.511970,-48.034760,2026-07-02 16:56:00,NPP-375,PARAGOMINAS,PARÁ,Brasil,1505502,15,33,5,0.0,0.25,Amazônia,14.0
fcf9fab8-f995-3514-ba44-7294aab90b2e,-3.513140,-48.033230,2026-07-02 17:13:00,NOAA-20,PARAGOMINAS,PARÁ,Brasil,1505502,15,33,5,0.0,0.25,Amazônia,11.2
8957a66e-d65c-33c5-ba14-c39f93ca49aa,-3.517300,-48.035340,2026-07-02 17:13:00,NOAA-20,PARAGOMINAS,PARÁ,Brasil,1505502,15,33,5,0.0,0.25,Amazônia,20.1
6cdf3217-8e4f-387b-9279-b528445e8125,-3.518090,-48.032510,2026-07-02 17:13:00,NOAA-20,PARAGOMINAS,PARÁ,Brasil,1505502,15,33,5,0.0,0.25,Amazônia,11.2
c7d3f1df-2c3f-3cad-b40b-ec5e40b17838,-3.512360,-48.036140,2026-07-02 17:13:00,NOAA-20,PARAGOMINAS,PARÁ,Brasil,1505502,15,33,5,0.0,0.25,Amazônia,20.7
149cc701-6b7b-3217-8118-d0c46d2daa97,-3.508180,-48.033910,2026-07-02 17:13:00,NOAA-20,PARAGOMINAS,PARÁ,Brasil,1505502,15,33,4,0.0,0.25,Amazônia,11.9
15955149-a742-3489-8b82-cc2ea9620866,-3.514070,-48.038750,2026-07-02 17:13:00,NOAA-20,PARAGOMINAS,PARÁ,Brasil,1505502,15,33,5,0.0,0.25,Amazônia,11.2
16e3f179-6d0e-3165-b8ab-d71af1c399f2,-3.043230,-47.819950,2026-07-02 18:45:00,AQUA_M-T,PARAGOMINAS,PARÁ,Brasil,1505502,15,33,2,0.0,1.0,Amazônia,12.8
f53feada-ee47-30da-9246-48df57bd8d1c,-3.501740,-48.042870,2026-07-02 18:45:00,AQUA_M-T,PARAGOMINAS,PARÁ,Brasil,1505502,15,33,4,0.0,0.25,Amazônia,7.6
7e626eba-49ff-3a43-9600-6c6e28c6135f,-3.510480,-48.041580,2026-07-02 18:45:00,AQUA_M-T,PARAGOMINAS,PARÁ,Brasil,1505502,15,33,5,0.0,0.25,Amazônia,26.2
08925f8e-32c7-3fa7-8bb9-aea0fbee8757,-3.509200,-48.032880,2026-07-02 18:45:00,AQUA_M-T,PARAGOMINAS,PARÁ,Brasil,1505502,15,33,4,0.0,0.25,Amazônia,14.8
254d3612-664f-31c2-8738-774aa9cfc86b,-3.502900,-48.032299,2026-07-03 00:30:00,METOP-B,PARAGOMINAS,PARÁ,Brasil,1505502,15,33,5,0.0,0.26,Amazônia,
cefca419-aac0-380e-9143-9eeb948755d7,-3.515700,-48.032600,2026-07-03 00:56:00,METOP-C,PARAGOMINAS,PARÁ,Brasil,1505502,15,33,6,0.0,0.27,Amazônia,
c254fae3-d2d9-385b-9f3f-918758257c7b,-3.512120,-48.038100,2026-07-03 03:57:00,NPP-375D,PARAGOMINAS,PARÁ,Brasil,1505502,15,33,6,0.0,0.27,Amazônia,2.6
ff415bbe-1d5f-3b2a-b26d-12712e499e59,-3.511140,-48.043840,2026-07-03 03:57:00,NPP-375D,PARAGOMINAS,PARÁ,Brasil,1505502,15,33,6,0.0,0.27,Amazônia,2.6
fc434daf-b940-3651-ae9d-ccd296a00563,-3.513940,-48.039350,2026-07-03 03:57:00,NPP-375D,PARAGOMINAS,PARÁ,Brasil,1505502,15,33,6,0.0,0.27,Amazônia,2.2
9c237437-5cb9-3a5c-a33e-ea0c79385b16,-3.507630,-48.038230,2026-07-03 03:57:00,NPP-375D,PARAGOMINAS,PARÁ,Brasil,1505502,15,33,6,0.0,0.26,Amazônia,2.2
4c7592b5-9a80-318a-ae9d-8ddb897b6999,-3.044320,-47.817840,2026-07-03 04:17:00,NOAA-20,PARAGOMINAS,PARÁ,Brasil,1505502,15,33,3,0.0,1.0,Amazônia,0.9
82912110-fafe-3369-81d9-83386319f842,-3.512810,-48.033970,2026-07-03 04:19:00,NOAA-20,PARAGOMINAS,PARÁ,Brasil,1505502,15,33,6,0.0,0.27,Amazônia,1.7
abcbc88f-3b00-3102-a587-f98b5fb6a20f,-3.512180,-48.037740,2026-07-03 04:19:00,NOAA-20,PARAGOMINAS,PARÁ,Brasil,1505502,15,33,6,0.0,0.27,Amazônia,2.7
4f3032b9-2a38-3a1b-93f6-966ab3b8c58f,-3.516960,-48.034650,2026-07-03 04:19:00,NOAA-20,PARAGOMINAS,PARÁ,Brasil,1505502,15,33,6,0.0,0.27,Amazônia,1.7
1575f92d-9bf6-38bc-8b48-220d418ea3e3,-3.508030,-48.037080,2026-07-03 04:19:00,NOAA-20,PARAGOMINAS,PARÁ,Brasil,1505502,15,33,6,0.0,0.26,Amazônia,2.3
25a91d8b-424f-339b-915f-30358a393c5b,-3.516330,-48.038470,2026-07-03 04:19:00,NOAA-20,PARAGOMINAS,PARÁ,Brasil,1505502,15,33,6,0.0,0.27,Amazônia,2.7
8dc23583-28f8-325f-8c80-fe4377ef8a49,-3.046550,-47.819480,2026-07-03 05:04:00,NOAA-21,PARAGOMINAS,PARÁ,Brasil,1505502,15,33,3,0.0,1.0,Amazônia,1.0
9bd85a5d-c238-3724-8f16-462619a8ebfb,-3.516270,-48.033700,2026-07-03 05:04:00,NOAA-21,PARAGOMINAS,PARÁ,Brasil,1505502,15,33,6,0.0,0.27,Amazônia,4.3
524f59a4-2516-3cc0-994c-36d53638ceba,-3.515570,-48.038390,2026-07-03 05:04:00,NOAA-21,PARAGOMINAS,PARÁ,Brasil,1505502,15,33,6,0.0,0.27,Amazônia,4.3
2c2e94bd-d3d9-3e0f-8ac4-0e36143d0f03,-3.510960,-48.037730,2026-07-03 05:04:00,NOAA-21,PARAGOMINAS,PARÁ,Brasil,1505502,15,33,6,0.0,0.27,Amazônia,4.3
2fd94f7a-34b7-38d0-8146-825e5e4accfb,-3.507490,-48.038370,2026-07-03 05:38:00,NPP-375D,PARAGOMINAS,PARÁ,Brasil,1505502,15,33,6,0.0,0.26,Amazônia,1.9
8632a85e-5e4d-3f85-95a3-4a7ecf50b383,-3.514610,-48.039420,2026-07-03 05:38:00,NPP-375D,PARAGOMINAS,PARÁ,Brasil,1505502,15,33,6,0.0,0.27,Amazônia,1.9
7f12caa2-3050-3fe1-b017-444ee6f5a6d0,-3.510500,-48.042690,2026-07-03 05:38:00,NPP-375D,PARAGOMINAS,PARÁ,Brasil,1505502,15,33,6,0.0,0.27,Amazônia,2.0
3ec4f4e0-14a5-3f48-9842-aaaaf07538f8,-3.511430,-48.036540,2026-07-03 05:38:00,NPP-375D,PARAGOMINAS,PARÁ,Brasil,1505502,15,33,6,0.0,0.27,Amazônia,2.0
34e95b51-043a-349d-8859-6368062cfe34,-3.512990,-48.038860,2026-07-03 16:03:00,NOAA-21,PARAGOMINAS,PARÁ,Brasil,1505502,15,33,6,0.0,0.27,Amazônia,7.1
d0204cd7-e384-307d-b066-4373d2fb8d9f,-3.512430,-48.035160,2026-07-03 16:03:00,NOAA-21,PARAGOMINAS,PARÁ,Brasil,1505502,15,33,6,0.0,0.27,Amazônia,10.9
1e3547e5-b637-3a9c-b9f6-0dd9a68a4dfb,-3.513970,-48.036350,2026-07-03 16:37:00,NPP-375,PARAGOMINAS,PARÁ,Brasil,1505502,15,33,6,0.0,0.27,Amazônia,12.7
cfadd290-9bdd-3270-b484-75870c581a4e,-3.048900,-47.815320,2026-07-03 16:37:00,NPP-375,PARAGOMINAS,PARÁ,Brasil,1505502,15,33,3,0.0,1.0,Amazônia,6.3
f4e3922c-6986-3895-8120-acb52d985015,-3.049490,-47.819270,2026-07-03 16:37:00,NPP-375,PARAGOMINAS,PARÁ,Brasil,1505502,15,33,3,0.0,1.0,Amazônia,3.8
46ec4ed3-c50c-3b85-93f7-cb2e07fea2a0,-3.510370,-48.036890,2026-07-03 16:37:00,NPP-375,PARAGOMINAS,PARÁ,Brasil,1505502,15,33,6,0.0,0.27,Amazônia,12.0
cd9d1cbc-4bcd-36bc-8acb-4a862eb8abd3,-3.048390,-47.812810,2026-07-03 16:56:00,NOAA-20,PARAGOMINAS,PARÁ,Brasil,1505502,15,33,3,0.0,1.0,Amazônia,11.2
4d35a97c-5f36-3cf6-84b9-58bdd3187c95,-3.513830,-48.038240,2026-07-03 16:56:00,NOAA-20,PARAGOMINAS,PARÁ,Brasil,1505502,15,33,6,0.0,0.27,Amazônia,9.4
b22fc8b9-c0ef-3b8f-b1a4-577fb20fe7e3,-3.517460,-48.037670,2026-07-03 16:56:00,NOAA-20,PARAGOMINAS,PARÁ,Brasil,1505502,15,33,6,0.0,0.27,Amazônia,4.1
cf16d43e-f68b-364a-8da2-a38854c9c95a,-3.516810,-48.033500,2026-07-03 16:56:00,NOAA-20,PARAGOMINAS,PARÁ,Brasil,1505502,15,33,6,0.0,0.27,Amazônia,4.1
269438c4-c411-3fa8-93d5-796548be61f9,-3.049070,-47.817180,2026-07-03 16:56:00,NOAA-20,PARAGOMINAS,PARÁ,Brasil,1505502,15,33,3,0.0,1.0,Amazônia,11.2
5c59c442-9273-35bf-a612-d0783565770d,-3.510200,-48.038780,2026-07-03 16:56:00,NOAA-20,PARAGOMINAS,PARÁ,Brasil,1505502,15,33,6,0.0,0.27,Amazônia,9.4
3b038f90-5082-33d6-ac86-b9412414039a,-3.496870,-48.035980,2026-07-03 23:44:00,TERRA_M-T,PARAGOMINAS,PARÁ,Brasil,1505502,15,33,5,0.0,0.26,Amazônia,8.3
0cf80d0a-8b8d-30bf-862d-3b8be6cf5581,-3.509720,-48.048450,2026-07-03 23:44:00,TERRA_M-T,PARAGOMINAS,PARÁ,Brasil,1505502,15,33,6,0.0,0.26,Amazônia,8.4
bf1b58f3-cf74-3757-8ee0-0261b4abaa1c,-3.507760,-48.034310,2026-07-03 23:44:00,TERRA_M-T,PARAGOMINAS,PARÁ,Brasil,1505502,15,33,5,0.0,0.26,Amazônia,12.6
adfb495d-594b-3250-87f3-8ecf84f990d7,-3.500680,-48.043350,2026-07-03 23:44:00,TERRA_M-T,PARAGOMINAS,PARÁ,Brasil,1505502,15,33,5,0.0,0.26,Amazônia,8.6
c56e926f-b352-376d-96fb-c0132e8520f3,-3.511590,-48.041730,2026-07-03 23:44:00,TERRA_M-T,PARAGOMINAS,PARÁ,Brasil,1505502,15,33,6,0.0,0.27,Amazônia,20.4
1eb50c65-91fa-36d5-845f-5197e470afca,-3.500900,-48.029301,2026-07-04 00:09:00,METOP-B,PARAGOMINAS,PARÁ,Brasil,1505502,15,33,6,0.0,0.32,Amazônia,
2672a3e0-fa82-3e43-8814-a6b8cf4e3b40,-3.510700,-48.027000,2026-07-04 00:09:00,METOP-B,PARAGOMINAS,PARÁ,Brasil,1505502,15,33,6,0.0,0.33,Amazônia,
b766a783-9f35-3082-bedd-a97fcef482cc,-3.512400,-48.034302,2026-07-04 00:09:00,METOP-B,PARAGOMINAS,PARÁ,Brasil,1505502,15,33,7,0.0,0.33,Amazônia,
7300f258-4e93-324f-9947-d0254ce486c1,-3.495200,-48.038700,2026-07-04 00:36:00,METOP-C,PARAGOMINAS,PARÁ,Brasil,1505502,15,33,6,0.0,0.32,Amazônia,
cbd250d7-dd72-3e21-98ad-16f117975083,-3.505000,-48.036499,2026-07-04 00:36:00,METOP-C,PARAGOMINAS,PARÁ,Brasil,1505502,15,33,6,0.0,0.32,Amazônia,
205786ea-7ae8-3b1b-8625-a798cfa1f676,-3.516300,-48.041100,2026-07-04 00:36:00,METOP-C,PARAGOMINAS,PARÁ,Brasil,1505502,15,33,7,0.0,0.33,Amazônia,
ea9caec8-4be3-3a49-b5f9-d06b4079a80f,-3.514800,-48.034302,2026-07-04 00:36:00,METOP-C,PARAGOMINAS,PARÁ,Brasil,1505502,15,33,7,0.0,0.33,Amazônia,
98d77ba3-849a-3b18-996b-012b079ae317,-3.507160,-48.036960,2026-07-04 03:57:00,NOAA-20,PARAGOMINAS,PARÁ,Brasil,1505502,15,33,6,0.0,0.32,Amazônia,2.3
1f442356-c069-30c3-a00a-225f940b447b,-3.505090,-48.041170,2026-07-04 03:57:00,NOAA-20,PARAGOMINAS,PARÁ,Brasil,1505502,15,33,7,0.0,0.32,Amazônia,1.5
11617ab4-8fcb-37e1-8705-2ff96c47e3fe,-3.511550,-48.037760,2026-07-04 03:57:00,NOAA-20,PARAGOMINAS,PARÁ,Brasil,1505502,15,33,7,0.0,0.33,Amazônia,2.1
50def795-4ae0-309e-99fc-9e22f1790c8e,-3.512900,-48.037900,2026-07-04 03:57:00,NOAA-20,PARAGOMINAS,PARÁ,Brasil,1505502,15,33,7,0.0,0.33,Amazônia,2.3
ea984c01-6ef0-34bb-ad39-de71e951fc1a,-3.506400,-48.041290,2026-07-04 03:57:00,NOAA-20,PARAGOMINAS,PARÁ,Brasil,1505502,15,33,7,0.0,0.32,Amazônia,1.5
37cc380f-07f5-3e41-bac2-b3d5947dadba,-3.510820,-48.042170,2026-07-04 03:57:00,NOAA-20,PARAGOMINAS,PARÁ,Brasil,1505502,15,33,7,0.0,0.33,Amazônia,1.5
4058f66f-4665-34ca-823b-d4f07b556108,-3.512130,-48.042280,2026-07-04 03:57:00,NOAA-20,PARAGOMINAS,PARÁ,Brasil,1505502,15,33,7,0.0,0.33,Amazônia,1.5
c01645a7-ed2a-3f95-8924-e84e098dcc7e,-3.512220,-48.033780,2026-07-04 03:57:00,NOAA-20,PARAGOMINAS,PARÁ,Brasil,1505502,15,33,7,0.0,0.33,Amazônia,2.1
d1ec8bc0-25c4-388c-aad4-0eed96b512c0,-3.511750,-48.038950,2026-07-04 04:44:00,NOAA-21,PARAGOMINAS,PARÁ,Brasil,1505502,15,33,7,0.0,0.33,Amazônia,5.3
340a84ee-f3d7-341f-96da-48b6b4a032e1,-3.515780,-48.035720,2026-07-04 04:44:00,NOAA-21,PARAGOMINAS,PARÁ,Brasil,1505502,15,33,7,0.0,0.33,Amazônia,1.3
f3cf345f-de81-394f-ab91-f9430169d04f,-3.515210,-48.039470,2026-07-04 04:44:00,NOAA-21,PARAGOMINAS,PARÁ,Brasil,1505502,15,33,7,0.0,0.33,Amazônia,1.0
a2f265d3-cc03-35d4-8a0e-4e03b713b3ab,-3.512900,-48.031380,2026-07-04 04:44:00,NOAA-21,PARAGOMINAS,PARÁ,Brasil,1505502,15,33,7,0.0,0.33,Amazônia,2.8
e8c32266-0960-310b-b9b0-033eae3bfdec,-3.498500,-48.037770,2026-07-04 04:44:00,NOAA-21,PARAGOMINAS,PARÁ,Brasil,1505502,15,33,6,0.0,0.32,Amazônia,3.1
73f7dba0-53e7-393e-9212-c99d6da3e4ec,-3.509430,-48.035640,2026-07-04 04:44:00,NOAA-21,PARAGOMINAS,PARÁ,Brasil,1505502,15,33,7,0.0,0.32,Amazônia,1.1
bef4a613-b630-3a52-9826-41b66ee9bc19,-3.505390,-48.038860,2026-07-04 04:44:00,NOAA-21,PARAGOMINAS,PARÁ,Brasil,1505502,15,33,6,0.0,0.32,Amazônia,1.9
e2b1ed0d-e746-325b-8b80-3e29644dbf6e,-3.508850,-48.039390,2026-07-04 04:44:00,NOAA-21,PARAGOMINAS,PARÁ,Brasil,1505502,15,33,7,0.0,0.32,Amazônia,1.9
f90016d3-03d7-3c2a-bb71-476dcc58de3f,-3.508300,-48.038420,2026-07-04 04:44:00,NOAA-21,PARAGOMINAS,PARÁ,Brasil,1505502,15,33,7,0.0,0.32,Amazônia,5.3
6ffa2083-a8a2-3572-8fe5-15d7c8c0c613,-3.511720,-48.036930,2026-07-04 05:21:00,NPP-375D,PARAGOMINAS,PARÁ,Brasil,1505502,15,33,7,0.0,0.33,Amazônia,2.1
3ac6053d-1d57-3b32-b5fa-6ceb39074b01,-3.506000,-48.039150,2026-07-04 05:21:00,NPP-375D,PARAGOMINAS,PARÁ,Brasil,1505502,15,33,6,0.0,0.32,Amazônia,1.6
c24b6126-7cf9-31b4-97fa-82d837e8ebc3,-3.512210,-48.033650,2026-07-04 05:21:00,NPP-375D,PARAGOMINAS,PARÁ,Brasil,1505502,15,33,7,0.0,0.33,Amazônia,1.1
7431f039-9c4c-3d4d-b6e8-8f282d449eaf,-3.511280,-48.039960,2026-07-04 05:21:00,NPP-375D,PARAGOMINAS,PARÁ,Brasil,1505502,15,33,7,0.0,0.33,Amazônia,2.1
c216cd0c-7561-3ffe-b690-56601591f4ed,-3.509120,-48.040300,2026-07-04 12:04:00,TERRA_M-T,PARAGOMINAS,PARÁ,Brasil,1505502,15,33,7,0.0,0.32,Amazônia,5.9
8a349d39-8b10-3433-be55-0b2bc5ebc9c8,-3.508060,-48.037390,2026-07-04 16:37:00,NOAA-20,PARAGOMINAS,PARÁ,Brasil,1505502,15,33,7,0.0,0.32,Amazônia,3.7
f125ab57-357c-3259-a37c-d28ae3f262d1,-3.047700,-47.818400,2026-07-05 17:05:00,NOAA-21,PARAGOMINAS,PARÁ,Brasil,1505502,15,33,4,4.85,0.7,Amazônia,5.2
d29355d6-f8ee-34cc-aef9-7a19dcc21608,-3.504490,-48.035950,2026-07-05 19:00:00,AQUA_M-T,PARAGOMINAS,PARÁ,Brasil,1505502,15,33,7,0.3,0.29,Amazônia,14.2
e6899be3-24fc-3724-a295-c8ee460cf573,-2.870030,-46.761820,2026-07-06 17:22:00,NPP-375,PARAGOMINAS,PARÁ,Brasil,1505502,15,33,1,0.86,0.12,Amazônia,8.6
267c1c82-dbab-37a7-b4b9-4969548b1c54,-3.510700,-48.038020,2026-07-07 04:42:00,NOAA-20,PARAGOMINAS,PARÁ,Brasil,1505502,15,33,9,2.71,0.17,Amazônia,1.9
cae0cc2b-0423-332a-a344-9a62be422663,-3.497250,-48.039870,2026-07-07 18:38:00,AQUA_M-T,PARAGOMINAS,PARÁ,Brasil,1505502,15,33,9,2.19,0.19,Amazônia,7.2
